investor_uuid,all_seed_startups,total_funding_usd_over_250M_no_ipo_no_acqusition,acquired_over_250M_raised_less_than_100M,ipo_count,success_rate
725247c1-aa8e-fd36-64fb-11c368190abf,28,6,0,0,21.43
b4895e54-8c20-b3af-2603-cf0a06304f0c,33,4,2,0,18.18
12571b76-23b4-0cae-871f-41b5191b8f3d,21,3,0,0,14.29
3213cd7d-06e0-3ecb-3359-29aa8deddfa6,21,2,1,0,14.29
27d3e99f-2961-349f-a2a4-b06ec36df584,22,2,1,0,13.64
9d05e67b-0154-8b9d-b3b9-cbea26e4ffd9,22,2,1,0,13.64
15ef24f8-1f34-7ca6-2894-27ff25898928,22,3,0,0,13.64
ed24f9ce-2313-cb8c-8ff2-9de6899ea992,22,3,0,0,13.64
e98345ec-cc19-bd4c-f502-affff6b3ec87,37,4,1,0,13.51
b1220fef-b074-4177-3a7b-0a442503e80b,23,3,0,0,13.04
ef213a11-f92b-b96f-fa9c-fd9807f2529d,24,3,0,0,12.5
0ddc4473-524d-f527-e327-7b9b31b861c2,25,3,0,0,12.0
8365a39b-5cc0-7d9c-6b10-9a03284d9fc0,25,2,1,0,12.0
6f2acf2a-5cbf-adb1-cbb4-5829ab0b08cd,25,3,0,0,12.0
cf0d8464-c30b-39cc-4de8-bf1fbdc58739,51,5,0,1,11.76
61d19fc5-3a69-e4f7-9a6d-83d4fb6a0212,34,4,0,0,11.76
ff389cac-9c07-40d4-8dd9-bd1c66095ed2,26,3,0,0,11.54
6c43d986-291f-0ed9-568c-80e0a433a862,27,2,0,1,11.11
7a42b564-4bb6-5864-6cdb-a0100008f3b3,28,2,1,0,10.71
602bb395-49b6-8aca-c8ea-6507975ead29,47,4,1,0,10.64
56f1d201-2896-83ad-d1bf-a75cdb05beac,57,3,1,2,10.53
dc8426b2-a91a-e53b-ab07-cf696ecf237c,29,3,0,0,10.34
eeb4b3e4-fa14-15e4-462a-d74dcb122f74,39,4,0,0,10.26
038f8cd4-7b1e-be6e-f45d-d952c14e6802,100,6,1,3,10.0
c1eff7aa-2934-0f7c-1f92-ac5061dbeb73,30,2,1,0,10.0
f2ff09b3-343c-67b1-2469-6ab0cfed43b9,42,2,2,0,9.52
eea0d807-964d-7134-3819-720d5f2910c3,42,3,1,0,9.52
5da62bfb-15c1-caac-ccba-178aa13673e2,21,1,0,1,9.52
444e4bfe-0931-de69-58fa-29e7b80de2d6,21,2,0,0,9.52
9585ab9a-b5e2-548f-be3c-6813fde735ea,21,1,0,1,9.52
e042a336-304b-0d89-af42-0020d7f4a307,21,1,1,0,9.52
77962dea-6a1f-7044-3093-c3bee1d1c292,21,1,0,1,9.52
04a54454-d94a-0aba-ddc8-474567d96c2a,21,2,0,0,9.52
0787c9d6-0c3e-60de-cd09-fd56d9828e1c,21,1,1,0,9.52
740e33cc-dea4-6fca-983f-c6b39591cd9f,21,1,0,1,9.52
f308c7d7-38d6-585a-4ddf-23709080061b,21,1,1,0,9.52
389f9a64-6028-ab43-3178-1fb92ea57284,21,2,0,0,9.52
1d174a2a-9f23-2979-0b22-1853ee2421a3,21,2,0,0,9.52
0c826165-94d7-a84a-0ea5-1b87988072f3,43,2,2,0,9.3
9dda8c60-3517-927f-0c15-4807e7bd6054,33,3,0,0,9.09
db273a22-bab0-4627-951c-04cb941d609f,33,3,0,0,9.09
1a3f81de-d5b2-0745-0c62-efaae40629d6,33,2,1,0,9.09
c0e55514-6e53-affd-2a23-a7de9e1d54ed,22,2,0,0,9.09
499caf73-6ff3-eec3-5e56-4484c7ca8f6e,22,2,0,0,9.09
ff3bca40-e819-c402-1ad8-5091e645a788,22,1,0,1,9.09
902deab4-ec41-68ce-d9df-c0c959578176,421,34,4,0,9.03
5a51b075-acb3-a8b9-7e71-6d2dd66def1a,45,4,0,0,8.89
69ba8866-c721-28e3-8b53-d10d81cece26,45,1,2,1,8.89
17e793e0-3238-3488-fd17-cc7fad2d3e05,34,2,1,0,8.82
2907e34e-15b2-ec8f-9815-f9f0b70e7235,34,2,1,0,8.82
07ea31ff-f7c9-1ae5-ccaf-7552b42408da,34,2,1,0,8.82
343a0c91-d3b9-80fa-2330-cfde495decf1,23,2,0,0,8.7
40eff8ab-95dd-5708-6a13-d444959a78c7,23,2,0,0,8.7
6b95ae8f-707d-dce2-23b0-035088898928,23,2,0,0,8.7
9de88f94-1bcf-4af8-be29-8aa15c0ed7d6,23,2,0,0,8.7
c8e0c690-e891-4115-bb57-5652199c8aeb,58,4,1,0,8.62
2d22deaf-521e-c8e2-2501-b9eeb4afbaca,35,3,0,0,8.57
b18dbd75-deab-9c4a-5ff6-c22e5ae36ff0,177,13,2,0,8.47
d5f94ef3-eed1-f673-bea4-be73afcd5fee,60,3,2,0,8.33
063c79a5-a008-493a-a633-913d64963b7e,36,3,0,0,8.33
8ea4648c-0b42-09a0-bfdd-2712317161b5,24,2,0,0,8.33
2e088b1e-86ae-4869-950c-59f84a97f96b,24,2,0,0,8.33
ad4e3101-a139-9a76-c34d-4d43bc565c33,49,3,1,0,8.16
a34c63f0-c277-3e4b-bbfc-1868ca81596d,49,3,1,0,8.16
85960076-7ede-7ff7-6fd3-ff261aff41ab,37,3,0,0,8.11
81100c64-28ae-fb21-13fc-99ea6a9ae38e,37,1,1,1,8.11
0ea85f02-96e1-5c42-feeb-b786ecab2939,50,3,1,0,8.0
a0fff4af-daff-56e5-80e1-d490f55afd4b,25,1,1,0,8.0
39e6ad18-504f-fde9-1eb0-f4825a9b24d2,65,5,0,0,7.69
467c04e8-580c-cefa-8d51-f2eb42ab0844,39,2,1,0,7.69
2b8999f8-3d0d-dbaa-8f19-7cac7041733a,39,2,1,0,7.69
0ef1fdde-b68f-4ee8-5589-6c4c941399bf,26,0,2,0,7.69
139ab82e-98dc-80d2-a03a-25696cc4e9a7,26,2,0,0,7.69
e2c04a2d-75b8-4067-91eb-1c1cefa334ef,26,2,0,0,7.69
9bef796d-d4af-48bb-9c64-f6d506896b27,26,2,0,0,7.69
ac83e966-cd61-c78d-afbf-ea824bbcdf91,66,5,0,0,7.58
aa316bb5-57a1-0492-f8c0-5043ef8931a3,53,4,0,0,7.55
262a1594-38ab-48b1-9373-f767d93bda7c,27,2,0,0,7.41
5fe42fd9-3c40-bc0b-7fda-66ea7976e4aa,27,2,0,0,7.41
2e9ee37e-9097-249d-2231-eec31561b7f5,27,2,0,0,7.41
8c32d322-2173-aa92-c6ff-2180d903632d,27,1,1,0,7.41
08ebf8ae-4acb-955c-02c5-305c0f470477,27,2,0,0,7.41
700514d7-8562-5f2d-671a-5634053420be,27,1,1,0,7.41
22b59b36-157d-4fcc-92fc-2f591c19bda9,27,1,1,0,7.41
23bc4b09-8059-567e-f5bd-390bbc329ded,27,1,1,0,7.41
cb00a695-dc5e-4d72-9515-d4e263c6a6ed,27,0,1,1,7.41
8c2904bd-f9a1-0f41-87db-16fae614ad2d,164,9,2,1,7.32
759ccd3b-a622-8d14-5656-86662013a1e6,41,2,1,0,7.32
4bbb1d63-8811-af76-a6ce-64387c26fbfb,41,3,0,0,7.32
86742bac-1934-8ad1-2190-3a1cca668505,42,3,0,0,7.14
b182b166-1ffc-387f-959b-5d222262b315,42,3,0,0,7.14
49a28987-e3db-f0de-2fdc-01933ca50c86,28,1,0,1,7.14
0828914d-9bf2-e8e7-ff51-2cdb98951135,28,1,0,1,7.14
f5315b3c-bb4c-1828-9b81-2f2103cdb761,85,6,0,0,7.06
308fb2fa-4610-0909-1d34-17216d007b21,57,4,0,0,7.02
f25b185e-9c1a-8180-3a56-660dae71d4c2,43,2,1,0,6.98
29c71687-1306-47f5-8a75-b7ad39d78315,43,3,0,0,6.98
40e3b902-7127-3d71-b67b-ec4a2207afe3,158,7,1,3,6.96
601b7406-93ac-1c61-019b-95f646ffe4b6,29,2,0,0,6.9
2796310b-3159-922a-9306-4bc91f7e1dab,29,2,0,0,6.9
72593a27-9bde-50d6-59a0-51c6ff56128b,29,2,0,0,6.9
d3184029-74d8-7e6c-717b-84ac89d0a837,29,2,0,0,6.9
15bbf79e-c017-5760-eda6-368e7f77b91e,73,3,1,1,6.85
d1fe2d6b-6051-027c-e4e2-586e93ac6b4a,44,3,0,0,6.82
08ae3e8b-0a49-47a3-91f8-433c3439736f,30,1,0,1,6.67
98ca74ba-00a3-a00e-ffac-09c5304af6ae,30,2,0,0,6.67
71cdd7fd-6686-4855-8a36-6a581b85c948,30,2,0,0,6.67
483ccaa3-d2f7-06ad-7175-efc85f445f1b,61,3,1,0,6.56
0c9a00aa-640a-4fb0-4fb7-196b33ada66b,46,3,0,0,6.52
473c465f-28d4-2568-c632-b2d5dd77c541,185,10,1,1,6.49
8299954e-85e7-a282-bb81-401838b8908b,31,2,0,0,6.45
f644352a-5dbd-1c0e-fe20-286831c0dbc0,63,4,0,0,6.35
c631111a-6bbd-c92b-c567-0ef2abc512d3,96,5,1,0,6.25
063bf170-ddb2-4041-8068-409fab18d502,32,2,0,0,6.25
89867673-815f-8605-652e-7c5362179782,32,1,1,0,6.25
f6a3df1b-7f7c-c517-b1d0-5441069dd097,32,2,0,0,6.25
355f3d08-b0a4-abe3-9503-9dc697bc8f37,32,2,0,0,6.25
0cc8c2db-bd08-4edb-5f2d-3bfc1837bdd1,32,2,0,0,6.25
48799440-ee04-35a0-1f7c-9ece8b4aa6ef,32,2,0,0,6.25
ebef92fa-c852-dd62-1027-9ac044521e35,162,7,2,1,6.17
dcfb1ae3-35b1-0bf2-0b3d-595031ab4507,115,6,0,1,6.09
3c62db15-4db8-016a-145e-dd1a06d168e2,99,4,2,0,6.06
a80524bc-d772-2f8b-f3d6-d564cd06a286,33,0,2,0,6.06
9da42114-b627-6926-f3b7-fd07e23fc337,250,13,2,0,6.0
3b2c6043-142e-453c-8087-cb94ae0ddd53,50,0,3,0,6.0
41bc890f-d559-0423-2da8-9eb869e5b65c,50,2,0,1,6.0
a3fec26e-0496-dbfa-38d0-188fe7f9d718,67,3,1,0,5.97
7de64040-14b2-70c3-775c-221d675b0af4,68,4,0,0,5.88
321aaefe-527e-a56e-85cd-641bd83cd866,51,2,0,1,5.88
d6198850-324e-4374-87fb-0c0cf9505c73,34,2,0,0,5.88
8a410ffe-5304-cf4f-5115-1e087f7006bc,34,2,0,0,5.88
3de3ceed-1a9f-b710-5c5e-494e218155a5,69,4,0,0,5.8
fd5f8542-5cd0-a991-b3bf-6b0d6faaeb0a,35,1,0,1,5.71
e81f7292-ab90-961d-3adc-35a46e237914,35,1,1,0,5.71
8a244cce-580c-5994-481c-03022c8b934e,35,2,0,0,5.71
3aabde79-36dd-df3e-7ef1-644d0a2105aa,35,2,0,0,5.71
7e7190a0-ec35-47f3-5c0f-6af756b95d5f,35,1,1,0,5.71
5dd2e0d7-9de9-0d42-33a3-430596a08948,35,2,0,0,5.71
252a9771-4387-472d-d062-be950cf652d5,35,1,0,1,5.71
c341cbc3-7419-7ddc-da42-2bbc7a03ef41,35,1,1,0,5.71
6c98aa6a-0383-ea74-c27c-996b38daa5ed,35,2,0,0,5.71
e7442a98-a043-dd5c-5def-ebcc56fb78ce,141,8,0,0,5.67
f065b291-ae61-41db-9475-3713a3da36d4,53,3,0,0,5.66
ddacc266-31cb-864c-5df8-94f401101652,71,4,0,0,5.63
1787528e-7bd3-a500-ba86-ac55205e7e21,71,3,1,0,5.63
0c867fde-2b9a-df10-fdb9-66b74f355f91,144,7,1,0,5.56
54e6b91c-bca3-4b98-61f0-d33bcd359a3e,36,2,0,0,5.56
043d9e52-dcc0-0dd8-6074-206e42e20e13,181,8,2,0,5.52
98c022ed-7618-e03e-ff49-8ba92924d58d,109,4,2,0,5.5
796e4250-e66a-1c7b-6ccf-5a4fbd3b1936,73,3,1,0,5.48
ae6c664c-4dd9-40b0-bd6f-2d13693deed4,37,2,0,0,5.41
f63055a5-a077-f7ad-2ace-9dbbac22a366,37,1,1,0,5.41
f2332abf-15c1-0213-9059-cc9714166bc7,37,1,0,1,5.41
fe5a4983-a46a-2fc2-5633-e35e0a86b694,167,7,1,1,5.39
639cbfc4-efa7-6e93-b6a3-68289b2ef7fd,56,3,0,0,5.36
b765a7e1-742a-e938-a0f2-329f66a011e4,131,5,2,0,5.34
47b84763-9727-7cdf-b194-2742e3963147,131,5,2,0,5.34
cf7d7212-adf8-25dc-53a4-f7c3c61afdbe,76,4,0,0,5.26
d379f22e-a728-97f4-a9c2-f9cd920afb76,38,1,1,0,5.26
bb0955c3-af0d-2d01-cd4f-985a93252432,77,4,0,0,5.19
ce91bad7-b6d8-e56e-0f45-4763c6c5ca29,234,10,2,0,5.13
e8b21bd7-927d-4add-ba72-8501d4ffe2dd,39,2,0,0,5.13
af778eb2-d12c-d953-7d7c-2e3bd5581cfe,99,5,0,0,5.05
735a53c6-a7ba-2434-d97d-b788536da89d,99,5,0,0,5.05
ce71834c-e90e-4e58-8b13-2d772375d781,60,3,0,0,5.0
827b9f49-e324-edb8-e546-8f2f4e69711a,40,2,0,0,5.0
18019029-7c3e-8476-c4f3-9216298db9e1,40,2,0,0,5.0
a42bff09-2bf2-545f-fe94-8123bfd6b2ba,101,5,0,0,4.95
b08efc27-da40-505a-6f9d-c9e14247bf36,142,5,2,0,4.93
65453fa9-443d-582c-4e49-6dd46023f835,61,2,1,0,4.92
d5df3873-7871-c608-0284-c74d0b555ccd,163,6,2,0,4.91
72734ad0-f180-155e-55ae-4832d2ad4b1b,41,0,1,1,4.88
e3fece5c-a84a-5c69-5af1-9548d47c7954,62,3,0,0,4.84
7db3c9dd-8ed7-daf7-b00a-227531fb7df1,83,2,1,1,4.82
036859ec-45a0-136d-c7ae-205a6d541a69,42,2,0,0,4.76
09a2ecb9-4632-0dbe-5099-ab130bdf54ac,42,1,1,0,4.76
183e23e7-1565-5b63-c834-441995a6d151,42,1,1,0,4.76
da23eb72-ea19-faae-fdc7-9cbf82117737,42,0,2,0,4.76
0f75ddf1-9093-f5c7-da41-8f3985702c6d,21,1,0,0,4.76
1701de8e-e4d2-d1c4-ff31-f50a15a65ded,21,1,0,0,4.76
bb0ddf7a-e13c-748a-4ab3-6a0da781577e,21,1,0,0,4.76
f0eee17e-37ce-f2f8-fd6d-4f836d2ee8e0,21,1,0,0,4.76
62426ec0-be52-3f79-8adb-405de209755d,21,0,1,0,4.76
dfaa3a37-cfff-3879-7217-240a40de8452,21,1,0,0,4.76
49814d0a-bbb7-941f-7628-ae8575dc7704,21,1,0,0,4.76
b7592f89-65a0-0de1-bf1e-c4c1e1afd4e2,21,1,0,0,4.76
30d221aa-11e7-8379-b996-230477674c69,21,1,0,0,4.76
9730e02a-2f1c-4d20-8d71-8f4de9a49ecc,21,1,0,0,4.76
60b5dade-24ed-84b0-99e2-1ecda554a1ab,85,3,1,0,4.71
1dfa9c3e-0120-4936-8efe-6c51ffab1f49,43,1,0,1,4.65
1324c57c-87ec-5652-10a4-4ac9a4d27d75,88,3,1,0,4.55
fe18949b-01c1-ac2c-e807-a874113ec371,44,2,0,0,4.55
4a97f042-2d36-c628-178a-afbb0945a362,44,2,0,0,4.55
808d646f-88e5-49e3-9c40-24b620f500ee,22,0,0,1,4.55
a01f2421-fa88-6b2e-247d-3b61e04f6855,22,0,0,1,4.55
9ef61bfe-3f2f-4b99-8f64-d47e886fe757,22,1,0,0,4.55
5ad70f24-23f2-418e-84d1-419ab8f5d963,22,1,0,0,4.55
ff604131-09ed-89d9-ab1d-6775aef687b6,22,1,0,0,4.55
0e90198f-8fa6-ae1e-07ea-f807e3cf77e5,22,1,0,0,4.55
38583ba7-b82b-450c-bb9c-7ec52f55d693,22,1,0,0,4.55
13a3a322-4bff-4e21-a50c-1211c8dfbebf,22,1,0,0,4.55
c1b1eb77-1761-6c2f-fb9e-9022fb96dfe6,22,1,0,0,4.55
9d62432d-dd5a-7c8d-4a17-698bcaf01683,22,1,0,0,4.55
7688b4d6-ce2a-2316-0812-1e3a368cee04,22,1,0,0,4.55
67ae31b5-9f5e-6ea2-1fbb-ba34b6c7f5de,45,1,1,0,4.44
170a0722-deee-3a8b-e071-0d2927dfcdc9,45,2,0,0,4.44
4ab1b039-d9ce-f96a-06e7-f737e37eee08,45,2,0,0,4.44
d53f379c-7f9c-4b4e-af5b-f09b2d64f88e,92,4,0,0,4.35
12dcff68-a3f2-c2cc-d3de-dd56f4f10b51,23,1,0,0,4.35
f26c4dc2-c73b-6fd7-fbc2-1c54f74a2c2d,23,1,0,0,4.35
140367a9-165d-7f28-79cc-33a9b71a214c,23,1,0,0,4.35
87e297f8-53fd-a340-cbfc-6f34d3c62a86,23,1,0,0,4.35
6246eb52-1595-468b-9781-c8457d9c09c2,23,1,0,0,4.35
fb66dcfc-572b-ec37-e536-66be38c717c4,23,1,0,0,4.35
7ca12f7a-2f8e-48b4-a8d1-1a33a0e275b9,23,0,1,0,4.35
8c1dc358-7cff-5e7a-fc1a-407dd5fb795f,23,0,1,0,4.35
5a762db2-4853-845a-70d0-cdb36d50963a,23,1,0,0,4.35
7a6c1060-e51b-48a6-5b8d-c9c245fc30f6,23,1,0,0,4.35
cbf72215-6a1c-f4ef-e17f-0a958eca3dac,23,0,1,0,4.35
685b1c90-a470-d0a5-2413-178051b155ca,23,1,0,0,4.35
01b7f3ef-de46-872a-62c2-07fd67f1e0ed,23,1,0,0,4.35
e620c567-1ef3-8cfd-6fd4-d1555d426a6a,23,1,0,0,4.35
2ab55bb4-e2e1-8d0f-7ef0-f23cce98d828,93,4,0,0,4.3
803f03b4-14e5-4229-980e-1a4dcfbdfc41,47,2,0,0,4.26
17766aa6-2da1-c1eb-d14d-2277ae1f34c7,95,4,0,0,4.21
ec7c19d9-e059-98a7-417a-66761eab14b0,238,8,1,1,4.2
ebae6782-7040-b515-9c89-36fb0a31e113,96,4,0,0,4.17
f8f0a693-65d4-5c7d-5e5f-1d65db3677f3,96,3,1,0,4.17
1601ab0b-87bb-5ee5-9545-c289d4f706cf,48,2,0,0,4.17
a004ebb9-a2e5-0c9e-465a-120751f0456a,24,1,0,0,4.17
e8db05ed-6b48-9b54-e746-2f140dcc94be,24,1,0,0,4.17
488ba4ee-7e9b-9c4f-6550-493232dfcf58,24,1,0,0,4.17
48353af4-b307-f6a9-6bc1-6f22ff66ba45,24,0,1,0,4.17
f1ebf335-96d6-edaf-0b45-55ce87fd1891,24,1,0,0,4.17
1a8cfa1b-bd40-4496-82e4-a689796935ae,24,1,0,0,4.17
9921ce24-f023-4090-49a2-d9e84cf7bda5,24,1,0,0,4.17
ecb88a88-bad0-3cb2-e44e-0f60b09259ec,24,1,0,0,4.17
26bcf130-4aa8-a3b3-3571-1b8f13143370,73,2,1,0,4.11
2c3f01ba-ae17-7382-b1bd-43580258b955,98,1,2,1,4.08
0cf8b1f2-eb34-c205-6eea-d72d2a33ebff,49,1,1,0,4.08
d507fc23-cb37-43c7-9c29-7e3e0a4014b8,49,1,0,1,4.08
16b9665b-8b74-d429-17a4-977e10a959c3,74,2,1,0,4.05
eb5b0d40-2e5a-b14e-a482-5e745fc9d9b9,50,2,0,0,4.0
9a3940b1-852e-f199-d24c-58b869c8733d,25,0,0,1,4.0
2c32e169-cf4c-1b08-3952-b5ad04e74fbb,25,0,1,0,4.0
fbe0292c-dd49-e3de-49cc-7a11d4cc201d,25,0,0,1,4.0
c5ecc833-2802-d398-e013-1411ebf56a62,25,1,0,0,4.0
5d5bd7c8-1cec-757d-6a60-508ed20c7bbe,25,1,0,0,4.0
2e401cb9-ae3a-4c22-8aaf-2c13ba14eb6c,25,1,0,0,4.0
1c31be1a-443a-a99b-81ec-c03e4b252e9a,25,0,1,0,4.0
fb2f8884-ec07-895a-48d7-d9a9d4d7175c,155,6,0,0,3.87
1dba3896-14ce-25d0-6a7c-5dbff9c66646,52,2,0,0,3.85
07b07656-93c2-b01e-7257-834679befdb5,26,0,1,0,3.85
4d8dd9ee-5178-402f-9142-05716cfc4bd1,26,1,0,0,3.85
de314491-7b09-4851-ae68-4cd617cce830,26,1,0,0,3.85
f25b94d2-ac5e-4d7b-93c9-d7759f2fd8c0,26,0,1,0,3.85
8e373031-0a2e-490c-9769-b5015522b389,26,1,0,0,3.85
ce540c0b-8efd-b812-9cd9-e08bb7a212df,26,1,0,0,3.85
add1bcfe-41e3-7828-253b-d7c8694ed4ca,26,0,0,1,3.85
b1e03e36-b935-b373-4a01-b667fe9e2f59,26,1,0,0,3.85
34ec3a05-c405-9929-5ff6-b18ab93d620e,53,2,0,0,3.77
5ce64378-cb2d-266f-5719-0cd08e9a0063,504,15,3,1,3.77
d5002f1e-ed0d-2ac7-6831-69731c8ad8e1,54,2,0,0,3.7
2db23f4c-ba8e-e59d-c409-e995320053b2,27,0,0,1,3.7
0cf68fbe-5671-5f17-5267-b4c1d8c399e0,27,1,0,0,3.7
ba09fc52-546a-4855-a4bd-20087fb1422a,27,1,0,0,3.7
cf3a40e6-920e-edfd-569e-371f84e0a4e4,27,1,0,0,3.7
5a519775-0598-4a4a-8f89-1d42814a8623,27,0,1,0,3.7
8f17ffe9-105a-8249-2660-6b7c7c029e2c,27,1,0,0,3.7
ead45092-f6d8-f3dd-6105-06b885d662ea,109,2,2,0,3.67
cb01ca18-9a4e-3b9a-779c-65fb6a14aadd,55,1,0,1,3.64
aa978289-a0e0-8e2d-9db1-537203f28e62,55,1,1,0,3.64
38a2cfd8-31bf-64db-faca-486386e44406,56,2,0,0,3.57
b5730911-51f2-4e40-aee8-567d73e14c14,28,0,1,0,3.57
5ebfc8db-c498-b5d8-4066-c4584bd96d18,28,1,0,0,3.57
8be67752-abc3-862c-4b2e-4823b00860fe,28,1,0,0,3.57
d1ce0141-2c7d-74ee-f526-74da201dc298,28,1,0,0,3.57
f7df413c-2a75-c103-9793-60ced650f798,28,1,0,0,3.57
56b4576e-7600-f6dd-bcd8-86f49e578e51,28,1,0,0,3.57
b2cb565c-53ed-ef05-c858-a4fd15ab75ba,28,1,0,0,3.57
e7b294da-48ef-4c99-8aa1-5de72fcf77d6,28,1,0,0,3.57
de03c4eb-3e08-16aa-b1db-ad0711e845e1,85,3,0,0,3.53
3c3b82b1-0a4d-6f43-6b53-f5d3fc0f8bb1,57,2,0,0,3.51
94e4f649-4cc6-8aa3-5e8a-771e50cd9a7f,29,1,0,0,3.45
96efd3b5-6e76-42b7-9475-efbb97bb0db0,29,1,0,0,3.45
27b485da-b99c-f03a-fef4-643ca952c385,29,1,0,0,3.45
6b43c7ec-5898-0866-af46-494775acb00f,146,4,1,0,3.42
ea94f841-047d-4c56-825a-cdcbdd164202,30,1,0,0,3.33
4c55078f-8de7-a348-ff37-550967ee37d8,30,0,1,0,3.33
4af42e7f-f8b6-4511-8b43-555fe2cdec55,30,1,0,0,3.33
673cd6c7-d74c-6994-94fe-c0151e2863ad,30,1,0,0,3.33
e590dd8d-fbdf-3e7d-73fa-23039a57b5b2,30,1,0,0,3.33
260cf8d8-1b0a-4288-8824-ffe2888b1119,30,1,0,0,3.33
38e872c6-1718-50e1-6150-a12038568992,273,9,0,0,3.3
d3b860d3-dfd4-c159-c075-088c842452f2,122,4,0,0,3.28
12b73629-72c7-3763-851a-9da9c720aef3,61,2,0,0,3.28
38a5e4ae-2053-4a0b-b146-b8753bcda230,62,1,0,1,3.23
25b2bfea-fc6c-b54e-2466-023430185425,31,1,0,0,3.23
af418dcf-eb04-bed4-e1da-2da0b3f07f6d,31,1,0,0,3.23
0d318a19-348d-4af1-aeff-65e9e6e14d2f,31,1,0,0,3.23
76c506a0-a56e-2f7b-9c15-2c4740ca51e1,31,1,0,0,3.23
2b8816c2-c07d-9294-2c20-a324c92e94b1,31,1,0,0,3.23
59325a01-bd3a-0ba7-8b9b-951824ce4d32,31,1,0,0,3.23
17d0fd03-ea64-1018-97ba-2dbcd1f64d73,31,1,0,0,3.23
ecec6c18-c0e1-7d27-d88d-d79b26cfde54,31,1,0,0,3.23
ed718da9-0fe4-e4d5-ce96-587c2e174cde,31,1,0,0,3.23
c6e540fa-f693-97ef-5f2a-7aca13fcb9e1,31,1,0,0,3.23
8426c4a7-1fff-c3d8-9af4-e673a788212d,127,4,0,0,3.15
304173b9-c7a4-6305-9961-20239db03c87,160,4,0,1,3.13
fa97e074-f0ed-4a61-b14a-580366f8699d,32,1,0,0,3.13
faa5a2fa-5e88-ab93-f2d1-622b09c73818,32,1,0,0,3.13
a4035d07-eee1-bde0-7d16-e3a9b39b457f,32,1,0,0,3.13
ea3167d4-a3ee-6519-8f41-af6b5b3d96a0,32,1,0,0,3.13
34a9bb66-0984-8de0-e7fb-13e976b4a135,193,5,1,0,3.11
8f1b5d66-55a1-a080-03f3-d8cdab690f0d,65,2,0,0,3.08
20242b76-1950-6156-2811-f7171fc99de8,261,6,2,0,3.07
c40189cd-74f7-6f4a-884b-e8d2e2862d86,98,3,0,0,3.06
15713cce-e5a7-931a-f0ad-ff15b477d6b1,33,1,0,0,3.03
d41a176d-2d63-8120-abdd-09962ffac419,33,1,0,0,3.03
ed3207b4-1b66-4812-81ac-d4058917c80c,33,1,0,0,3.03
534b4276-0523-75f8-a088-cf1859b5bead,33,1,0,0,3.03
681dd416-2778-4e8b-85e4-d231a321ba81,33,1,0,0,3.03
53377857-8995-2128-8f85-bfc8c4a2178e,133,4,0,0,3.01
afd154b4-dcb0-1eca-e3b6-1285f09606c1,100,3,0,0,3.0
432e5c35-ec41-89a9-efa5-dfd30b3d6b6c,67,1,0,1,2.99
564bdcf3-8bf7-4040-dac2-072af3e72e6f,67,1,1,0,2.99
15daf6ec-dd2e-4157-90df-3c8658563ee0,67,2,0,0,2.99
6638a948-d1bf-6605-0d16-18c733cf2b3d,67,1,1,0,2.99
40980b68-cb82-f0d6-944c-1e4ff1c1621a,101,3,0,0,2.97
fdabe06e-0f58-3254-2d4d-040cb02a1070,136,4,0,0,2.94
66b98ab3-da64-5fea-ef0b-d2ab35f33b33,68,1,1,0,2.94
0686cdc6-d6e7-0417-8329-29b5c85afeef,34,1,0,0,2.94
d7c61edb-c3f6-0dda-9852-ac2e1524ed99,34,1,0,0,2.94
07ffde2d-5cbc-450d-a138-a0e195ca4939,34,1,0,0,2.94
8f7dd35a-a2e9-7085-8525-06b07d93a845,34,0,1,0,2.94
e21fb3b1-4294-40ad-aea7-09569a842750,34,1,0,0,2.94
754329f1-ee02-70c3-a2a8-2a1b050b4a83,34,0,1,0,2.94
047bfe44-727e-360a-caa0-c3ca8d18c48e,34,0,1,0,2.94
457be71a-e4a4-4f4f-9fe6-f2d461964517,34,1,0,0,2.94
f5a75e1e-52c2-e432-0cc0-00a6b3dbad75,34,1,0,0,2.94
218269b5-0630-56a5-da47-43b4dc30d944,34,0,1,0,2.94
b7c000b8-0b00-9936-7e3f-7954f1af2949,69,2,0,0,2.9
8ae0aa83-0ea8-6d38-be17-5f4f5f544334,35,1,0,0,2.86
5f11a8ac-84a7-7778-5a8e-90c77e8d596c,35,1,0,0,2.86
9be53896-7065-15c6-89e6-7720de2b3eef,35,1,0,0,2.86
13aadf02-2758-3885-3731-803d7a5f5402,35,1,0,0,2.86
51f47ee3-159e-8ffd-a9e4-c4e9da462079,35,0,0,1,2.86
12049445-af30-48e1-a579-fad5c46cab13,35,1,0,0,2.86
e53f2fe3-bcf3-0c30-299b-d9153916a414,35,0,0,1,2.86
a37476b4-7632-a500-c471-1e71b40ac47b,108,3,0,0,2.78
3af6482d-81c9-b834-8d1b-345d9a19b855,36,1,0,0,2.78
18f6a637-265f-8b2c-c4d2-0bdd7d508eca,36,1,0,0,2.78
7dc0cc67-f476-0aaf-00aa-2e993626a6cd,36,1,0,0,2.78
7fb49a92-72d0-6154-f8d9-f29e3804ca77,36,1,0,0,2.78
6437e49b-b5fc-a89d-f9cf-c75e8362abe3,36,1,0,0,2.78
a07d4326-cd16-acc1-b743-3fde218cd7e9,37,1,0,0,2.7
31f38b11-4f52-8301-dc9c-4f0c7e80af32,37,0,1,0,2.7
077552ec-f4df-4a5d-b08c-aaf64ea05c4b,37,0,1,0,2.7
5a6e07c9-1daa-f46a-20c0-636603f58e7f,37,1,0,0,2.7
34520805-bea5-cfb1-35db-ae784b530992,37,1,0,0,2.7
56e40f50-97c7-2a77-255d-1d97d5f30646,637,13,2,2,2.67
b9b73f6e-f89c-15c2-e8ce-a3e710825546,75,1,1,0,2.67
acddc982-f23b-b2c6-6025-3e9efbfd6ed4,75,2,0,0,2.67
1c42fb6d-bc47-4211-bc33-202094380ae8,38,1,0,0,2.63
c7e40363-f16b-731f-a4c3-0b2f960e1837,38,1,0,0,2.63
94c2fe47-ad3d-d5ff-0e79-27bcfa5db658,38,1,0,0,2.63
88726a87-5a43-a63e-80b3-3507058ee1da,38,1,0,0,2.63
9183d3fb-c801-bc11-1594-04850e47cf60,78,2,0,0,2.56
630b4856-d1e5-4c57-8585-f379b78670ee,39,1,0,0,2.56
525f5579-1f87-cf70-ff5a-9de397f6fa5d,39,1,0,0,2.56
4c2e47a8-03ea-4ef7-b0f7-2d35c9c0990f,118,3,0,0,2.54
8866fad8-f339-97ff-f34b-eed98d43a2f0,118,3,0,0,2.54
b6e5fec6-35f4-df51-ffdc-9923c850572b,79,2,0,0,2.53
1789c02c-997f-9e5d-67d7-cc121afe49da,40,0,0,1,2.5
63d91330-9dee-4ad7-9766-0898e638670a,40,1,0,0,2.5
20b317eb-858b-b488-d0a7-19d75173148f,40,0,1,0,2.5
1a126e13-05bc-3bce-ef8b-de42c1dd0719,40,1,0,0,2.5
bf997ca3-aec6-8ed5-7985-c008d7ef81b3,81,2,0,0,2.47
1958e5fb-f808-c866-81b4-c6e27f77edd4,82,2,0,0,2.44
86935a42-e720-279b-53d2-3334ad2d58ab,82,2,0,0,2.44
5e7792bf-2232-ce0c-127d-2e3a885dfc3b,41,1,0,0,2.44
fae1d08c-47cd-7da0-b8ff-4b24deab76b6,41,1,0,0,2.44
db9a455c-d51e-350a-d402-87bd0b1d46a5,41,1,0,0,2.44
ba729e78-75e5-af48-6408-42b7b74aa449,41,1,0,0,2.44
655e5a8a-3ae1-d3a2-8ff1-d5c5d2c08fad,41,1,0,0,2.44
cb7664bd-9364-533e-c808-d53d6c8f3ba3,41,1,0,0,2.44
f1f4a59a-c901-7819-10e1-65f8e03b95d9,41,1,0,0,2.44
5e1d0200-f444-6612-14dd-23369669c0e1,165,2,2,0,2.42
9dd7066b-069a-9dd9-c211-06db31253bd0,166,2,2,0,2.41
669ce484-85e7-1537-e2e0-14e4b2bab22c,83,2,0,0,2.41
60fd03db-a3c5-4117-8c51-7240138c37bf,42,1,0,0,2.38
310d858d-653e-90d4-2527-dc9a555326e7,42,0,1,0,2.38
04ef92e8-bd10-4ddc-803b-0aaa531dd906,85,2,0,0,2.35
704baa25-5337-ecb0-71f7-f28c18ad3faa,128,2,1,0,2.34
dc0dd14a-8176-31b4-eaed-e78d724885b5,129,3,0,0,2.33
57a7867b-ea57-d113-92bd-f78bdc78bf24,43,1,0,0,2.33
43e4d15e-74a8-4b4f-9b02-e2be69e7cee4,43,1,0,0,2.33
03dfca70-dcfa-c445-e0d5-d2b1f736dc9e,43,1,0,0,2.33
20c21955-325e-6692-09b6-313311b63788,43,1,0,0,2.33
dd9f72c4-de29-566c-d63f-f23f1726ffe4,43,1,0,0,2.33
0e09f1a3-ab17-d2d6-80a4-4425f38e4078,43,1,0,0,2.33
c96fbbd2-552e-4b67-086b-14e86628b43d,43,0,0,1,2.33
d29973c3-95ec-691d-defd-6a6ba713c72a,44,1,0,0,2.27
f6b44cee-4bf4-6fbc-8010-8e63b1f89c31,44,0,0,1,2.27
0179a631-f3d3-60b3-fefb-fd440ec7e889,89,0,1,1,2.25
75fea554-2985-a2f0-b825-a0e7ce7d9c86,89,2,0,0,2.25
1bd15aa6-56ac-0d89-9405-7b7a4c8f76f0,360,6,1,1,2.22
bf0b2ace-1dfa-f54c-3554-440f50efc756,45,0,0,1,2.22
b4bbe64e-c694-c762-66cb-1d4141c68093,91,2,0,0,2.2
41c136e7-2f8d-48c1-bc42-222a474223d3,46,1,0,0,2.17
77a62165-8649-470a-b92e-e1c40ca8c44f,140,2,0,1,2.14
71bc9eb7-fbf8-4280-af39-ffd46f42f985,47,1,0,0,2.13
da775603-ef94-4c93-8538-071773f6d8d7,47,1,0,0,2.13
a32d3c4c-fbea-9fe9-8f49-9fd968657b9c,47,1,0,0,2.13
386eb9bc-d8ae-2537-b5bd-534f14520ff3,95,1,1,0,2.11
a3734663-f2d3-4893-afee-da74da26683a,48,1,0,0,2.08
af6da4a5-6a3d-4e82-b95d-1c6998ba632c,48,1,0,0,2.08
6ea2baf5-90ab-183d-ffa0-48c92d99146f,48,0,0,1,2.08
7191366c-50ab-37f8-89c2-0068f7bf637e,97,1,1,0,2.06
cf396a11-8b1c-fa43-1551-9a326359674f,49,1,0,0,2.04
0e18b698-e0db-ee17-6727-076f02de2c5d,49,1,0,0,2.04
ae788d4a-ad06-4b89-9ddb-7587cbc31760,49,1,0,0,2.04
17678b53-cc24-45da-8b68-60ee57ef0c48,49,1,0,0,2.04
568cccee-f256-46d6-8c99-b965bc156bfe,49,1,0,0,2.04
2e503654-6709-439f-9765-658ebef8aa9e,49,1,0,0,2.04
73633ee4-ea65-2967-6c5d-9b5fec7d2d5e,2622,43,7,3,2.02
263656a0-5922-b42f-eeff-34f61fe4eff8,50,0,1,0,2.0
9dfe881d-07a1-c06e-1d9c-2d1c6b9254bd,50,0,1,0,2.0
5db50de0-f11d-a446-1656-f52bb3b2b833,50,0,1,0,2.0
8a9a8a9b-879b-6da9-4269-d3366371e141,152,3,0,0,1.97
16496cb3-1c18-98f1-0eff-3819930827a8,255,3,2,0,1.96
4ed22488-9b77-44b4-b139-658d6d3d6195,51,1,0,0,1.96
8b72d07b-a571-fa2b-7e63-6fbbb631c53b,154,1,2,0,1.95
869a75e6-ae78-d8f7-c7a7-700baeab870b,52,1,0,0,1.92
e21c5d7f-0766-7b3a-5d15-0d1d0a6df6b3,52,1,0,0,1.92
e2006571-6b7a-e477-002a-f7014f48a7e3,105,1,1,0,1.9
ed746eec-54ff-19e1-690c-75216d0654c8,53,0,1,0,1.89
2cb29b76-6989-7df3-a16a-c5e750e8169f,53,1,0,0,1.89
ad9db9e9-9c2e-86a8-2b5c-deea1011fdd5,53,0,1,0,1.89
6e703adf-066b-2a14-d0f1-3e4340d3e939,109,2,0,0,1.83
d1bc5ab8-adde-56aa-5dfc-d69d0377430d,111,1,1,0,1.8
15a6d96e-5cbb-c1ba-d138-234d85a31b83,56,1,0,0,1.79
0af1c29e-5754-c43d-3f8f-c75a77747910,56,1,0,0,1.79
0340691b-763e-da02-6e39-a3d85ceec766,57,0,1,0,1.75
6afc0f00-c9a4-05bd-df1d-4f6251f01bee,57,1,0,0,1.75
893f5705-ef9d-c69d-7fe9-54e5104f96fd,59,1,0,0,1.69
a4af56b9-4f9c-4f0e-ae9e-4d1dffe72d44,237,2,2,0,1.69
313585a6-d860-8f2d-e6d0-f3dda5dc1be9,120,2,0,0,1.67
b0d35264-f953-6db1-ae47-104f929d097f,60,0,0,1,1.67
93c87ab7-7cee-5c54-9941-104693dbbdba,487,6,1,1,1.64
cc715e03-32af-2ca1-6b05-f9e7b12f8720,61,0,0,1,1.64
f2e76cf7-aedf-470e-8357-ecbcb763899e,61,1,0,0,1.64
36409f11-4a22-2564-2708-5834206cf98c,61,1,0,0,1.64
0003f244-79d0-6178-353e-33dabaf3b2c6,123,2,0,0,1.63
2ae517bd-f03e-b7fc-8e79-8448627d15c4,62,1,0,0,1.61
63c7df51-628a-6068-ad71-a96bf4993707,62,1,0,0,1.61
c2062466-0527-29d6-13f7-f6f12bce1dcd,130,2,0,0,1.54
b77dec60-40b6-6ae7-68d6-8286a75e8dfd,65,1,0,0,1.54
dc7fc343-2884-5489-8127-9e3ed9f88349,196,3,0,0,1.53
01e00179-026f-0725-2530-fb93e449587d,66,1,0,0,1.52
ae6e4fc3-394e-901c-573c-0ddce81c0a0f,67,1,0,0,1.49
c09be2f6-7a81-4cfd-9415-ec2a57e1e3e7,67,1,0,0,1.49
bb48b54a-516d-6b34-6cfe-73beeb288984,68,1,0,0,1.47
d0a6043b-7164-af60-1063-e3314c6d9d95,69,1,0,0,1.45
994e5ee1-4cfd-23bb-fbe0-31cdc7884034,71,1,0,0,1.41
25ca837a-83ed-5169-7124-b10de7d101a4,72,1,0,0,1.39
1417de64-9e75-ff31-eb74-b52263a98414,73,1,0,0,1.37
f6f889a7-af59-2363-8984-addadc4da1b2,224,2,1,0,1.34
dd7d100d-f344-d370-1740-ad5780a2d044,75,1,0,0,1.33
b2d81696-c87c-1b71-4e00-fe3ba73e68b8,77,1,0,0,1.3
79f9bfdc-48f6-d998-de32-862f0eee2524,79,0,0,1,1.27
b344a285-cf12-93d7-d669-857ab75be00e,79,0,1,0,1.27
9efeeff3-b7c7-4947-9c14-b2ab86591bf6,159,2,0,0,1.26
9f6ded06-3570-4723-978d-af3e22194a9f,80,1,0,0,1.25
1316d39d-2b00-a0d6-8982-d1bda3787fcc,81,1,0,0,1.23
a78b1345-702e-aad3-3b0c-f8dad561639e,83,0,1,0,1.2
aefa3a84-5193-00c3-5cbf-ec5ec2645672,182,2,0,0,1.1
0db76b4e-f6f1-4a50-5e4b-503a97ca3d83,93,0,0,1,1.08
4b38ef37-c04e-4056-88f6-84c0a6f749d4,94,1,0,0,1.06
532e38f3-2c90-11c1-1d82-3c75e64c893c,95,1,0,0,1.05
3ca5eb2f-0eed-a808-2354-12c35d397743,96,1,0,0,1.04
beadb218-e5fa-2686-bc95-4dfaa9acc2e8,102,1,0,0,0.98
904a716a-93d3-4456-9543-70fcf381e268,104,1,0,0,0.96
e03b47e0-f25f-1e36-1314-bd65b6d16ee4,104,0,1,0,0.96
e7a1df00-0943-33cc-d451-8c2c6eae12e5,105,1,0,0,0.95
3bfb69a8-61b6-ec30-1512-73bd1ca35bc5,529,2,3,0,0.95
754d8bc2-837e-c59a-3552-70f150b5858a,109,1,0,0,0.92
2866bdf9-fc60-79ed-e5f1-425f56c7ecca,112,1,0,0,0.89
459b0b0d-eae2-e063-6f65-69e85c913348,113,0,1,0,0.88
00daca16-8311-454b-84e0-24a40d16be9c,119,1,0,0,0.84
e8487396-f60c-25f1-2bb5-bfcb4e0f4b66,623,4,0,1,0.8
089e2f4e-5b16-b5ef-8834-3a40302de5ac,305,1,0,1,0.66
3718597a-dd39-6661-3630-09cdd43bcac2,2220,9,4,1,0.63
e96105f1-25d2-af8d-7ecb-3da5e2d8aef7,318,2,0,0,0.63
983675c3-2ee5-471f-6b57-c9e32a0369c1,174,1,0,0,0.57
de89599a-cf1a-4a72-b2bb-a8efbdac5343,193,1,0,0,0.52
39041e62-6b24-ae8d-1347-4cea947e832c,461,2,0,0,0.43
dec4c206-028d-495e-d26d-33f942debd60,251,0,1,0,0.4
9bdae0c0-7eb4-c3d3-08eb-7014b093d938,392,0,0,0,0.0
2d296802-0ac2-3ee5-5d07-4e9383655a72,230,0,0,0,0.0
b4386e5f-53a6-fc77-ebd4-b6e0bef0aaef,229,0,0,0,0.0
9d11d829-645f-4ebe-bbd1-e84d1a0ddaf0,199,0,0,0,0.0
b08b9b5a-3799-fbef-f852-cbb42ba341f1,181,0,0,0,0.0
4cecfbfe-af23-caac-f464-452a60a810c2,174,0,0,0,0.0
00a9ad0f-c9b7-cd9c-404a-b0a799ba537d,159,0,0,0,0.0
439d7bbf-11ae-7ddf-1887-727188ac065d,140,0,0,0,0.0
8a1dee62-de42-f204-13fa-1d68d3413ca8,134,0,0,0,0.0
14cc2cfc-8b47-8c9b-c02a-48c5bccd534c,121,0,0,0,0.0
a03b1f1c-4215-a3c0-93e1-6b1207503b1f,118,0,0,0,0.0
b1caa164-ecf1-1421-d1fc-34acc59a6e39,118,0,0,0,0.0
a798a04e-9108-422b-a681-ea929969e6e2,111,0,0,0,0.0
8a168b8f-82a9-6952-e76e-fc8dc4636de5,108,0,0,0,0.0
fcd0c596-99b3-f0ea-588e-cdbb3c82cb88,108,0,0,0,0.0
5941d68d-3ba5-fcc7-57bb-bd4ccacf02a3,107,0,0,0,0.0
da53c895-8b15-c7aa-c581-d8c03d216db5,105,0,0,0,0.0
0812e67e-d94d-27e0-8112-8f63c7337271,105,0,0,0,0.0
902a18e7-1af3-4fc2-8267-499691fb5df7,104,0,0,0,0.0
f384c08f-245b-77a4-4d28-a1baa0de46cd,104,0,0,0,0.0
fea5b194-6f06-da30-a165-9f84ae891d5d,101,0,0,0,0.0
f2f2777b-de97-de3e-74b1-ba42c751ed2d,93,0,0,0,0.0
dcdaae03-9e16-48ab-85d7-ed7ef9a0f11e,93,0,0,0,0.0
39b5e60f-3644-48b5-b7e0-584f386e042f,90,0,0,0,0.0
04543eb7-1895-19a2-c213-afced8c423af,85,0,0,0,0.0
2d0a5bf0-e53e-9a07-2243-9bcd561421ec,85,0,0,0,0.0
87b16fdf-a1c8-4ec0-ae9c-323b64cfa70d,85,0,0,0,0.0
03dab4e0-022c-0c56-b92e-b649077cdcfa,85,0,0,0,0.0
7d116151-ecad-54d2-23cd-0d388ae298df,83,0,0,0,0.0
e21d800e-0b36-0917-dc1a-4fa240944ed6,78,0,0,0,0.0
2ba8d099-c8aa-a375-8d6e-aa01968a6934,78,0,0,0,0.0
4330106a-a1f5-2edb-c71e-ff03738d0b54,76,0,0,0,0.0
cea98336-0002-0786-cc71-07a98165eefc,75,0,0,0,0.0
cf253887-5eac-21a2-28d3-47db7311f7e9,73,0,0,0,0.0
a8531905-dbad-43d5-abd6-ff1647bb2ed7,72,0,0,0,0.0
b810c2d6-4acb-31bc-5031-cf5b5b32f368,72,0,0,0,0.0
c06fab5e-2646-a238-a280-1ce83e63f507,71,0,0,0,0.0
3b5e271b-3084-687e-3b76-ca33574403bc,71,0,0,0,0.0
ff347ad4-bf55-f3e1-bc1b-f749f8c7fc90,71,0,0,0,0.0
517fd582-3d7e-4acc-badb-54b95374387f,70,0,0,0,0.0
3c970d75-94b7-f851-99b3-d4abd1d78b99,68,0,0,0,0.0
34f24c65-83ad-4910-9d13-207eadef3ec5,68,0,0,0,0.0
5b97b7a0-1526-0a34-cd95-c26213cfb4c2,67,0,0,0,0.0
6f618ed3-037d-427b-9d85-deca827d6dfb,65,0,0,0,0.0
4a2045a0-b5c3-b34f-51c5-aff5d5516d45,63,0,0,0,0.0
801537e4-62c0-474c-a1c5-7357a59fa90c,63,0,0,0,0.0
96166237-5f7d-8606-97db-180a1e72637a,63,0,0,0,0.0
058eba79-fc8b-d913-c7db-018de6663581,63,0,0,0,0.0
5f96a8ee-6c9d-5f5f-bd95-c2997bdcc6c0,62,0,0,0,0.0
2ffb1c6b-f579-465c-be60-2265212e4395,59,0,0,0,0.0
15c99be6-9337-4658-bc3c-f7a775ab2323,58,0,0,0,0.0
f51eb231-98ae-b443-e93b-aad5d22dd721,58,0,0,0,0.0
d42d22d2-d1a5-fc74-0e46-dc4184ccc0d3,58,0,0,0,0.0
1c0f5e1d-71ce-cb0d-4566-51ef647e6075,57,0,0,0,0.0
0f99c84e-1af1-faef-c90e-fdf3cf5afc06,57,0,0,0,0.0
ad02a619-4e2b-4b25-a831-973142649079,57,0,0,0,0.0
96712e17-5941-6c09-3124-176e08daa746,56,0,0,0,0.0
60e249a6-d553-72a8-3b85-20407462624e,56,0,0,0,0.0
1ce01368-6625-470e-92a3-3bae211c067f,55,0,0,0,0.0
d7726d53-a989-310b-5033-52d48e7822b6,55,0,0,0,0.0
143508b1-4e1d-4288-8cd6-d88109ff6cdb,55,0,0,0,0.0
a0ed41b8-8031-adad-dbb3-2e8f8e1e6848,54,0,0,0,0.0
4e7cfe81-5790-4e98-bd49-d0b52d5755d7,54,0,0,0,0.0
4b1a8ab9-f146-9e29-3be9-45fe8da6d0ac,54,0,0,0,0.0
3b329dc6-3981-fae4-dd5d-292f014a64da,53,0,0,0,0.0
5ab0b475-7d0b-0dba-f640-4e6ddae15101,53,0,0,0,0.0
87a560d8-1e4a-b8e0-3d65-0a01c461ef06,52,0,0,0,0.0
248fb40a-4df3-431d-94b5-62e3fc1625dd,52,0,0,0,0.0
bd90713b-9fa7-2936-5fdc-c57cec2460ee,52,0,0,0,0.0
56765be2-a789-8a83-1166-919cbe695d2e,51,0,0,0,0.0
4de9f548-cf7e-2ec9-a605-ce1197646abb,51,0,0,0,0.0
adc3106c-d982-41b9-92a5-2e5e4b6e8e7f,51,0,0,0,0.0
8fe7ec7c-cf6e-1b4a-57b3-54cd58141fef,51,0,0,0,0.0
21362c6c-6df1-95a9-a2ff-a1bd1b8edaf8,50,0,0,0,0.0
6da41174-121b-59c1-1393-1e67b686b9bf,50,0,0,0,0.0
6efdabfd-619c-4edc-ac9e-d76b07e584fa,50,0,0,0,0.0
12238a01-c83f-31f2-dad7-203d55de5851,50,0,0,0,0.0
d1be8dd4-4e0b-0e6f-da65-92525a05374b,50,0,0,0,0.0
183692b0-b175-b125-89ce-2badd9f56b55,49,0,0,0,0.0
55d02c5a-f0d6-f70f-1a04-832633cfce2a,48,0,0,0,0.0
7d002c38-ab1f-301e-9d12-6c9a189d6d61,48,0,0,0,0.0
1f54d726-502a-cf68-bb0c-8292123f8037,48,0,0,0,0.0
70c82573-5401-4fa9-d2f0-53652c7a2d74,48,0,0,0,0.0
488c0859-50b5-c016-620f-353b4950bd97,48,0,0,0,0.0
c7ca7ab1-a82f-9736-8140-c53ba04b034c,48,0,0,0,0.0
dbcc1416-5ac8-4a58-ac9f-dac430987bd5,47,0,0,0,0.0
fefb5595-3e9b-4bc5-ba50-4c6dfd290347,47,0,0,0,0.0
201d334c-4463-d56c-7737-435df78ae283,47,0,0,0,0.0
a30e8c26-7545-4352-82a3-2ba23159f8d0,47,0,0,0,0.0
e75a62c1-f4d8-4d17-bd98-905c201b3582,47,0,0,0,0.0
55d85218-69fc-0338-0c26-43c2bdeeaf0e,46,0,0,0,0.0
03d0c2ea-f56a-bd52-ce54-0457905e0552,46,0,0,0,0.0
1b6f441c-79d5-479c-a679-7061b4dc0014,46,0,0,0,0.0
1e647107-37af-4d5c-882a-5e6febb683dc,46,0,0,0,0.0
57ebab33-1542-4586-b995-ee19d4c90dda,46,0,0,0,0.0
f187a10f-cf31-4aa9-8cb1-1ee018e8f96f,46,0,0,0,0.0
9386e62e-e1e1-be03-492a-0e3660e66120,46,0,0,0,0.0
eb46e316-5d08-4f2c-b070-d1b4fdfbc908,45,0,0,0,0.0
a7d96886-7467-ce1a-db6c-06b293e26ed1,45,0,0,0,0.0
9609ebdc-a980-40c8-d0cc-be47772f0d1b,45,0,0,0,0.0
b94e0fd4-8fd5-4b55-861f-a8800ae12f6a,45,0,0,0,0.0
26a9ec60-d5b3-1873-cb5f-e417662c1f18,45,0,0,0,0.0
5cba0b9b-c65b-4783-abfa-6b3fe20b2771,45,0,0,0,0.0
bb902061-1366-30d9-5ba2-566f5edf065c,45,0,0,0,0.0
6f8557a8-cce3-f2bd-259b-80d583f3c356,45,0,0,0,0.0
799a9b81-1ded-37a7-7c78-b67a25246d39,44,0,0,0,0.0
b5534458-2007-43b1-b687-0504607dc414,44,0,0,0,0.0
be75ea60-27ca-47d0-9a45-aee413f03116,44,0,0,0,0.0
bc942568-f4b5-093b-2b37-622769e382ae,43,0,0,0,0.0
65a2954b-cba4-5aa5-3348-8be8d3c0048a,43,0,0,0,0.0
4d691483-2fe9-8a0b-28b7-50df863d9b39,43,0,0,0,0.0
d43d7ab9-18c6-6c04-47e6-b8974682b136,43,0,0,0,0.0
81193418-3ce1-9674-4d53-9a9334a44987,43,0,0,0,0.0
ff074477-10b3-4a1a-b721-f31d22d66b6f,43,0,0,0,0.0
b429fc36-a31f-0eaf-0af3-135365e7c9b7,42,0,0,0,0.0
63d87b66-09d5-4ec0-af3c-0297ca03cb25,42,0,0,0,0.0
6dc4e5d1-c365-a183-f5d8-d9469207139f,42,0,0,0,0.0
2549059c-27dd-4ea1-832e-f965215d9747,42,0,0,0,0.0
3339ae17-7fd2-0900-247f-7ddb2f4d10ff,42,0,0,0,0.0
80f14e64-81f8-4e23-50bf-0976525a76d7,42,0,0,0,0.0
248e28ee-db49-a613-6a5e-6120f68456ad,41,0,0,0,0.0
121bd4c8-8307-426e-2159-ada62bca2aeb,41,0,0,0,0.0
f8a9fcc3-3d30-f0a7-bda7-4ab26416f95d,41,0,0,0,0.0
1082ed6d-8f8d-774e-9021-2de2f2ec5103,41,0,0,0,0.0
a140aa2e-a5db-ed73-d4dc-bf6c1e4aa7ac,41,0,0,0,0.0
85838f0c-a8ef-4efc-9f22-130ef9a924cf,41,0,0,0,0.0
2433080a-d984-4c6a-91d3-9375488c7fc0,41,0,0,0,0.0
a03880db-b3b3-365c-a4ce-bbf938e31fbe,41,0,0,0,0.0
a8478414-38c1-4084-a2a3-4074f6feae95,41,0,0,0,0.0
df005cc1-a232-a7cd-51e8-70efcbe56e8d,41,0,0,0,0.0
368e8dcb-0d85-1b7c-7ed5-afe47873f4b5,41,0,0,0,0.0
2f0b630c-e5be-46f0-953f-1cf4c2c1a441,41,0,0,0,0.0
0f2b9e42-0db4-fb0b-3797-0ce9f43be1db,41,0,0,0,0.0
ae001fa5-675a-4b36-a395-8c92385afb8c,41,0,0,0,0.0
c5eaf51b-86bf-4de3-ba68-7eb8edfc6642,40,0,0,0,0.0
112d0d7a-27c1-94f7-68ca-2ec798a959e5,40,0,0,0,0.0
b41089ca-8424-ce26-4a77-d0d66606efc8,40,0,0,0,0.0
58529831-cec0-808e-3585-56107d06fb17,40,0,0,0,0.0
7408c192-50bb-6cb9-2d4c-8a360e086709,39,0,0,0,0.0
08db05c2-e8e0-4f2b-97c0-1bce04edb5ac,39,0,0,0,0.0
0caaa18f-916d-f2b2-35c1-d130e7b05e30,39,0,0,0,0.0
b6b0a39b-6189-4f59-87c6-1ccc8463c850,38,0,0,0,0.0
35e5ca71-ee44-1043-abaa-e9578d72d28a,38,0,0,0,0.0
cedd6a2d-2300-dc78-1509-e4091018c69e,38,0,0,0,0.0
900bd3ef-f141-4777-a298-e461a241a9a0,38,0,0,0,0.0
fb255f0c-2319-c50f-b589-a7141e7b52d6,38,0,0,0,0.0
f3fb8b7e-17bb-435c-9675-ad41357a397b,38,0,0,0,0.0
a94fdf88-557c-fbeb-a7bc-942f01e5a29f,38,0,0,0,0.0
d37c75fb-83ab-9fc0-0e13-966efea9736d,38,0,0,0,0.0
7a88683f-98d0-4ef0-a447-20fc6258d45a,38,0,0,0,0.0
c0b94b29-0759-f524-4bdd-547958ca2617,37,0,0,0,0.0
31bfd9f2-dfea-48dd-a217-460c8db64eed,37,0,0,0,0.0
b5d0d7dd-cfc2-4c56-9ed4-847db73f8cee,37,0,0,0,0.0
1aa29e0f-d57e-417f-b7df-0b0ca4dfaf6f,36,0,0,0,0.0
84830ed2-8395-02bf-33f8-bceea26cdbec,36,0,0,0,0.0
60621ebe-63a7-40b6-829e-e75ac1af14ef,36,0,0,0,0.0
982a5418-5d06-aca1-726e-c55bd12d1bf2,36,0,0,0,0.0
45152e7c-f749-4a00-9cd8-f7d919b91169,35,0,0,0,0.0
2b1a97f0-f8e4-22bd-872c-d75f20c5a765,35,0,0,0,0.0
8e46ecfd-94e7-4ddd-8391-c6565b3699f9,35,0,0,0,0.0
1090e5b7-9cdf-2e07-8e84-90864c3ae8e4,35,0,0,0,0.0
7475db43-36a9-414d-f7a9-b92b78bae47b,35,0,0,0,0.0
99e40296-e31f-bf18-ffed-99de672125bb,35,0,0,0,0.0
72b086ae-a2b8-49d6-970b-c4e4d8736dbb,35,0,0,0,0.0
a16f6761-4b9e-b8d3-7ef9-38254bd557c8,35,0,0,0,0.0
77d5871f-f84c-8bd1-38f5-ce36ea09ed55,35,0,0,0,0.0
1e6a09bb-957d-2ffe-a1ba-473bf7cd178d,34,0,0,0,0.0
f8dbe1b6-67a7-ee68-d1a8-4f0a3c14eb63,34,0,0,0,0.0
3e2074aa-1c0d-e7c5-513b-9934bf0e0361,34,0,0,0,0.0
2d98d7ff-92a1-e973-9347-8ca21de3e461,34,0,0,0,0.0
3c6dccf2-6527-4094-a6e8-3da9032e70cc,34,0,0,0,0.0
e2c0cf35-d341-4c3e-a614-eca0d16c67b9,34,0,0,0,0.0
5119b35f-5573-f507-8e16-a2c208b42d0f,34,0,0,0,0.0
4b960937-4b71-46d2-a61f-52c137501be3,34,0,0,0,0.0
d9ce68a6-22f3-a214-e468-a23a89f32e66,34,0,0,0,0.0
71e2062b-9c37-4c4e-9a7f-421aa1cf067e,34,0,0,0,0.0
76e3fd3b-0f48-f2c3-8388-c3a46c559118,34,0,0,0,0.0
8e57f238-f156-c4e8-f1da-6e40e5ec5bf2,34,0,0,0,0.0
36fef7a1-00de-4356-d24b-a56860f2c49e,34,0,0,0,0.0
c1630786-1aa1-458d-a93e-1a63f5dbc81f,34,0,0,0,0.0
710e3cc7-7d73-4f8f-a395-cff3728286a9,34,0,0,0,0.0
c57716f0-d3b3-b0a5-ad83-64f8b25a760a,34,0,0,0,0.0
c5046db4-849e-46ff-86e9-7a1fa034d912,33,0,0,0,0.0
ecb76300-01a4-4fda-9cc4-5d262437eccd,33,0,0,0,0.0
a7f40842-8fc2-3739-e818-5c3b793a388b,33,0,0,0,0.0
136b84b0-27ae-1fd5-6a44-379bc5ad9e18,33,0,0,0,0.0
f4ed7d4a-4872-84cd-c340-5ab748230eb3,33,0,0,0,0.0
441ff26a-3692-4dd4-999f-af47bb0b5785,33,0,0,0,0.0
6ab09807-a483-47ae-97fe-633b044e7747,33,0,0,0,0.0
b32c64db-064f-3873-7dee-ef141808d3cf,33,0,0,0,0.0
7160e624-8591-c98c-1286-80fa4b440b9e,33,0,0,0,0.0
d005c6d5-0114-4b51-b5fa-1ada6b2cf1e4,33,0,0,0,0.0
c1b551d4-0342-4bf1-b4bc-0b49834331d8,33,0,0,0,0.0
97ef666b-4680-6878-30f1-3388c5d33b93,33,0,0,0,0.0
50bd1bfe-04b1-dd9f-52a9-14c5552f080c,33,0,0,0,0.0
b577b6df-90f6-44f1-a001-b9283e38a4d4,33,0,0,0,0.0
5840efed-c040-235c-6e42-4e061293eda7,33,0,0,0,0.0
7702e922-62aa-d168-e5e5-bfb94556ca76,33,0,0,0,0.0
45ebdeae-6bbc-a124-dfe3-36130a7b8323,33,0,0,0,0.0
d73ab3d7-b30c-403f-a7db-25d9dee7d1b0,32,0,0,0,0.0
f80755f1-501a-4282-9ed5-3c9bba1b5186,32,0,0,0,0.0
28c008f0-1f8c-245d-1af0-cf78696267c3,32,0,0,0,0.0
1368b8f1-a1f6-4dc0-92bc-e1bafaf333d5,32,0,0,0,0.0
2282c719-8795-462d-a501-e07f70e6d89d,32,0,0,0,0.0
08a35501-574b-8494-c116-00049b374af7,32,0,0,0,0.0
7ab6c0e8-29b5-7f81-adc6-3989ac369ce2,32,0,0,0,0.0
a145c22b-232a-fbe3-723a-2d2f2bc995e6,32,0,0,0,0.0
ac4fb04f-e118-fff4-1767-f588f28f3916,32,0,0,0,0.0
e66e2167-b9fc-08d4-d3bc-e222202583cb,32,0,0,0,0.0
a717fa3a-69b7-7b03-264b-15a933b2c3ab,32,0,0,0,0.0
4dfa3150-e7ba-434a-be64-cece9b9d6881,32,0,0,0,0.0
03c70fcf-af3e-9bb1-9803-fa11fe341490,32,0,0,0,0.0
080debe2-619c-9cd2-ee32-3b6a98ee5b26,32,0,0,0,0.0
55034cb2-0093-d27a-998b-8892bbdc7f7f,32,0,0,0,0.0
870e2104-17ba-9e40-b9bf-43ebd66c178b,32,0,0,0,0.0
0624318b-0d68-4813-90d7-71f0908c290f,32,0,0,0,0.0
fa9bdbda-8ad3-4ed5-c877-42ada36ae6a2,32,0,0,0,0.0
e26b98e6-3997-577d-eb5b-a195e31d03e3,32,0,0,0,0.0
0f6d3aee-2ed6-42f4-a24b-2f5db75db95f,31,0,0,0,0.0
ef769e2e-eac8-4093-b8de-c8df676aef8b,31,0,0,0,0.0
67777af6-b6de-33c9-c57e-38b4daec2ab9,31,0,0,0,0.0
be2d202b-33c0-45f1-846d-cfa479ddc91b,31,0,0,0,0.0
7b554c3f-a0a9-a4c8-c09d-23f97f36c334,31,0,0,0,0.0
72f0970b-17e7-4744-a229-aa5ea3ef0f56,31,0,0,0,0.0
bafd94be-d6b7-be30-4224-da414677b9d7,31,0,0,0,0.0
a93256dc-c256-4c16-93ef-318efb76ef65,31,0,0,0,0.0
044a1684-b8ff-b572-a85a-e960ff6cca9f,31,0,0,0,0.0
461e9dfc-c0dd-b0d0-2dec-d9428ab9d52d,31,0,0,0,0.0
8ed49ae9-7390-4ca9-b312-131373fd05f4,31,0,0,0,0.0
077bbe1b-1178-d7a2-70f6-dffa2e018c8e,31,0,0,0,0.0
75b06586-c86e-4860-889b-f9c90c1e4a20,31,0,0,0,0.0
ab67c2c2-8537-4667-ae42-aa5e8b669d3e,31,0,0,0,0.0
f0f0695c-2ea1-be8f-aa87-4ef5fbe5752c,31,0,0,0,0.0
316f1361-9883-4942-8403-be6b12a8042a,31,0,0,0,0.0
157ba673-82f5-8ed7-27da-d358063c3cbd,31,0,0,0,0.0
73289079-c5d3-48c6-9549-26bafe58b2bf,31,0,0,0,0.0
48bc1d4f-fc4c-15f2-3ba9-3c50a12d5b5b,31,0,0,0,0.0
2a58cc90-f050-4788-b7fd-9ba6f260802d,31,0,0,0,0.0
92126947-6b64-4362-8dc2-8a8aedb1aa6e,31,0,0,0,0.0
d941a33a-d43a-4714-94f0-3d35198f36b3,31,0,0,0,0.0
c6be9a4d-2a0a-73d9-daee-f2e76476c203,31,0,0,0,0.0
4840d48c-d8d1-07ab-ec79-ebc6151b9bc9,31,0,0,0,0.0
9f6ab636-2f8c-4ffe-a3bd-ccc3c31a29a0,31,0,0,0,0.0
9c0cfe51-4799-42d0-b2e2-73bc85d789d6,31,0,0,0,0.0
d34d3e3d-74b5-4597-8fff-1dafbf32ab03,30,0,0,0,0.0
87b2c437-66f5-a427-4ac7-7d177fb76cfe,30,0,0,0,0.0
d73cb521-e107-4b8a-826d-acfad65c5201,30,0,0,0,0.0
c07f0f2c-f9ac-62cf-53d5-2afde0f58ad9,30,0,0,0,0.0
2ff9951b-5497-fdeb-4042-83fbbb816bca,30,0,0,0,0.0
e6b7225b-7d81-6819-3d65-17867e92ac16,30,0,0,0,0.0
ed69e301-12ee-4b90-b3b7-8057a2284352,30,0,0,0,0.0
78423cba-be08-81dc-024b-a96e727b7d04,30,0,0,0,0.0
f11b794a-ed78-b2e4-b109-846a071299c5,30,0,0,0,0.0
42984ec1-24fd-dde7-7230-6c21ca402dc1,30,0,0,0,0.0
7654ff51-f435-7610-d965-19ced655b2d1,30,0,0,0,0.0
49cedd99-7bb9-c414-bdac-8db2c9cdc714,30,0,0,0,0.0
bc0f3dd4-ada0-5382-5b8a-d683c62b6aa6,30,0,0,0,0.0
aee8c4bd-1dd4-4595-9bbb-328fd37ba6e5,30,0,0,0,0.0
73a3a1f2-5cc3-45aa-9b71-e819dd978b74,30,0,0,0,0.0
309b2873-f653-406e-880e-91ccdb790d8b,30,0,0,0,0.0
c55dd8ee-4ce7-48c1-9d9f-90f271b0d6e4,30,0,0,0,0.0
8f7ecc90-330f-4752-8697-a9e4ca0ff667,30,0,0,0,0.0
6ec2d46c-5bcf-30b3-0e29-0d7b5d3a8e95,30,0,0,0,0.0
b1057f16-2f0c-6fd9-cb5b-ce2479892cd4,29,0,0,0,0.0
02f00a7f-3e76-46a2-a3ef-f34c7f2a3e71,29,0,0,0,0.0
268ae789-490b-4b9b-8e07-07758f008695,29,0,0,0,0.0
2d1c00eb-4e5d-420a-87bb-e1b62a4ee0e2,29,0,0,0,0.0
e1274cad-2b94-0ce0-e827-a6d736bbad95,29,0,0,0,0.0
5fdad522-fab9-4bf9-a91d-726ed8fadc6d,29,0,0,0,0.0
421cca93-e662-60c5-2f80-860a739c4d82,29,0,0,0,0.0
5e5c0ca3-2669-4323-89dc-8086188a861f,29,0,0,0,0.0
09554fa9-a1aa-478c-b3b9-ef6b084d79a4,29,0,0,0,0.0
442a5ce8-a6f2-4e34-b581-39330a6fb4fc,29,0,0,0,0.0
0159561f-be5d-81eb-7ccd-b4d6efeb30fc,29,0,0,0,0.0
da0c218f-a898-eded-ecef-e396b6c39ee3,29,0,0,0,0.0
41979f00-cf5b-34ab-dc95-7dacc7be5f61,29,0,0,0,0.0
d3e4452b-1474-51dd-0f65-635957a06f1d,29,0,0,0,0.0
9f9cc6dc-0341-4c4b-8b3b-8f0b7153f1f6,29,0,0,0,0.0
de8a992f-1ff7-4f91-9031-7b39d00d76f0,29,0,0,0,0.0
375812b6-72cb-1013-827f-53fa8693a675,29,0,0,0,0.0
536954df-ca38-33ff-3e40-07d8ad7c4401,29,0,0,0,0.0
e150f9bc-9b82-7503-098a-e6e73cf6a589,28,0,0,0,0.0
4f24244c-7a29-4c5b-a902-7050e1867e00,28,0,0,0,0.0
bcc287a7-8998-4f2d-a686-9cb6b870cea0,28,0,0,0,0.0
80c99939-13b1-d7d8-bb8f-47384d7af310,28,0,0,0,0.0
cbe9b2ff-ae8f-edd4-fdd3-e7d6e621a2e8,28,0,0,0,0.0
7247b525-1c8c-a396-a5d2-89863f4d3c79,28,0,0,0,0.0
3972ffdf-393d-2e17-5433-59a53d157d75,28,0,0,0,0.0
a1136a7b-ee01-4fa2-99f5-0c2baa101640,28,0,0,0,0.0
71821b74-2d23-90f8-a071-b874a0e11982,28,0,0,0,0.0
3a34745d-f8dc-6ee4-37a4-0c41b4d00c53,28,0,0,0,0.0
1cc65a00-0f73-4eab-9b4e-76785a54a284,28,0,0,0,0.0
ed409ace-dc7f-4b4a-843e-88fdf7fee733,28,0,0,0,0.0
7268c930-4700-cd55-f453-1d4927e421ed,28,0,0,0,0.0
0e76dc2b-f302-c39a-8ae9-0272214c1bb3,28,0,0,0,0.0
5167b830-a941-ed08-d275-f74473d13e91,27,0,0,0,0.0
c96f33d3-ac17-23cb-d6a6-ce49e5c67a29,27,0,0,0,0.0
36463a2c-6cfe-d3ad-cdb2-60e4b8e80d6b,27,0,0,0,0.0
755efa82-b4f9-160f-cded-78f6eb2117e9,27,0,0,0,0.0
63501557-a463-15cc-233f-28ed93ba3165,27,0,0,0,0.0
c99bc6f8-f780-4682-9dc8-99473d4f68f3,27,0,0,0,0.0
8e51e5da-1d15-41ee-8617-a725db7874a3,27,0,0,0,0.0
3bad5e9a-ab7b-c4cc-fe69-ec6818e66562,27,0,0,0,0.0
03b5cee9-0d23-c767-9be9-4b8bc927c3b2,27,0,0,0,0.0
236281db-e754-4967-bb1d-1d47e7f9a424,27,0,0,0,0.0
5c8a87e8-78c9-fa3f-5a42-bfc790b0f8c0,27,0,0,0,0.0
b26edf22-b9fa-411d-9029-a97e900701b8,27,0,0,0,0.0
f92632e2-d7a2-40a7-bcd2-d1ef36f5d1eb,27,0,0,0,0.0
ad057080-75f3-2345-6248-f5b5a33cbb8b,27,0,0,0,0.0
c28c0d85-77cf-4ab8-b23b-aa05db600bdc,27,0,0,0,0.0
afd58dc7-4aba-415a-8798-f5de6b79ce69,27,0,0,0,0.0
cdab277d-a957-df88-e53d-8f32ce959120,27,0,0,0,0.0
ed2d47da-9898-f7ab-678b-da6de6a497e4,27,0,0,0,0.0
d2d1c260-c256-b956-5730-4144c19ab090,27,0,0,0,0.0
5365c301-17ca-51e6-8119-8894a08b12d7,27,0,0,0,0.0
08fde712-5f5e-15b5-6042-e872b0d400dd,27,0,0,0,0.0
907913de-9233-9bd7-a4bf-cfa4f45cc52b,26,0,0,0,0.0
58fc4f87-a084-4d1f-896a-eaeb5cb61035,26,0,0,0,0.0
27ee878e-52d2-ea54-e41c-2fd59d414a1e,26,0,0,0,0.0
c49d42f5-e34e-2634-d062-df65749ba969,26,0,0,0,0.0
1cddfaee-9dc1-1e49-2c2f-317b816ee016,26,0,0,0,0.0
4cb99b21-5d4b-5a53-2f58-89c266c35688,26,0,0,0,0.0
5c30c6a8-9a32-f5da-e65d-09c5b02c78b7,26,0,0,0,0.0
d3281687-f4d2-be3c-0bd2-21921603b0bd,26,0,0,0,0.0
89b1b850-9b8e-cd52-1430-551dc97e5f56,26,0,0,0,0.0
7fc62881-422b-f3d6-f43c-797b5e83181b,26,0,0,0,0.0
1bee8fc1-c6fe-4473-9e0c-b64a624cfd8c,26,0,0,0,0.0
0c989f38-717b-4294-bc9e-fced519a2131,26,0,0,0,0.0
d82f5588-d498-5fdb-5551-a7456997c198,26,0,0,0,0.0
9322b694-de2e-bc96-0e7a-fdf93bc084fe,26,0,0,0,0.0
ba290835-328e-4873-a309-99d7f7404066,26,0,0,0,0.0
1059c1a4-78bd-e4ab-e16d-3a3b4483783a,26,0,0,0,0.0
017187de-b17f-40bc-8251-57ce3268c2dc,26,0,0,0,0.0
8aaa422d-b364-06de-2952-4b302005b4e5,26,0,0,0,0.0
2e8ef0b0-d989-4a87-988b-9dec08d6e92e,26,0,0,0,0.0
67068358-9546-4247-85e9-eeb17e512b2d,26,0,0,0,0.0
587783a5-94d9-11d2-b4ac-921962270a94,26,0,0,0,0.0
fd9f0401-e09e-4d53-a0e2-d82aa76db04d,26,0,0,0,0.0
f6ee3f69-33cb-0695-157d-1bc894ac42d3,26,0,0,0,0.0
d462f295-ccea-63d9-6048-fdea0f4e2d5e,26,0,0,0,0.0
2e21ac6d-506d-b044-f7d9-f8d05e4f7ac3,26,0,0,0,0.0
1d25724a-bb3c-068b-4120-9e2be8ac1e96,26,0,0,0,0.0
5169785f-2492-4dfe-4fec-01b8594d7f5a,26,0,0,0,0.0
aced11a8-ab2d-45a2-9bf9-58348e85aaa3,25,0,0,0,0.0
9d7e5b0e-2dfd-4bd2-ba8f-eb513b06a5af,25,0,0,0,0.0
ca025f9d-c0c6-4e2e-abd9-8a6b5acbf96f,25,0,0,0,0.0
601dc2f0-6378-e37b-f1ab-6032b6ab3715,25,0,0,0,0.0
abbda1d1-ac28-e1cc-1e91-6070a60a2c81,25,0,0,0,0.0
893abda3-7ffd-4d66-9274-c0619ae96ee3,25,0,0,0,0.0
74cb73c3-b9cb-4ce0-a2bd-6f69dc776d63,25,0,0,0,0.0
e297a18b-d8df-727f-2ca0-1cb21880461d,25,0,0,0,0.0
a5531c88-a671-3675-9711-cc6057ab6248,25,0,0,0,0.0
bc5963bf-4975-6486-f444-3ea0bcbd1839,25,0,0,0,0.0
506e8f43-5180-420f-9698-5d3af3409458,25,0,0,0,0.0
d0619b01-dfd5-693a-4b26-8fed2117722e,25,0,0,0,0.0
2aa9260b-57e9-4b14-b6b3-ef1e776b9a93,25,0,0,0,0.0
44765585-290f-25e8-3fd3-04e4477620fa,25,0,0,0,0.0
b3e49413-b161-1c44-dd77-27a2d79475f2,25,0,0,0,0.0
26abc8d4-b8d0-4a6d-a552-ce0220113757,25,0,0,0,0.0
4245d639-0692-b905-f0dd-e521bf73d20c,25,0,0,0,0.0
5d98f331-124f-1cc2-e3c9-001a6fe2fbf1,25,0,0,0,0.0
7e6ff171-f188-4ad7-8bac-bc876e3fd268,25,0,0,0,0.0
356bd44c-09ca-54fb-9a0f-f30167968a6f,25,0,0,0,0.0
bcfae698-f90d-4294-52f2-5dbc2d678c87,25,0,0,0,0.0
c9a2babe-350d-4c6b-b1a1-173a32f5cba1,25,0,0,0,0.0
31c4f2ba-033d-4cbb-8408-9b75b000408b,25,0,0,0,0.0
240f80bf-ddbe-4fd6-bd42-338f0cd7c8ee,25,0,0,0,0.0
9db0b6bb-4b28-fa20-e2df-e2af6ebd3a3d,25,0,0,0,0.0
7b49e806-348f-49e0-af49-ec25599d4ea1,25,0,0,0,0.0
c43cb131-d320-497c-b5ba-a45ef2c852bf,25,0,0,0,0.0
9d69665f-26be-476e-b82c-fda1841bf60c,25,0,0,0,0.0
1bea9fcb-cea8-4c0b-8c56-51ce678e7afc,25,0,0,0,0.0
bd95d151-1bc8-41dd-a7f9-cb0b12d89c97,24,0,0,0,0.0
c8c2e993-2e39-c992-aae7-f00f78b48e90,24,0,0,0,0.0
479ee302-6724-43a7-8197-f8b4e1c8105d,24,0,0,0,0.0
40812e5d-2d87-5bcb-63a1-d9f6b8eca1ef,24,0,0,0,0.0
e14920f4-9c27-422b-a6e6-f541041f94ca,24,0,0,0,0.0
de3194bb-0d95-4c29-9829-394ecd388369,24,0,0,0,0.0
f3716725-552d-b9b5-59ad-de4ec64b1751,24,0,0,0,0.0
c0192b74-35a0-f688-a494-0426eac5b07d,24,0,0,0,0.0
7e813b29-fdc1-068d-efd2-cd53da320be6,24,0,0,0,0.0
9cfd993f-07b3-1930-37da-a0129f1d9b72,24,0,0,0,0.0
ca5741be-4bae-88ec-8738-e8d620484666,24,0,0,0,0.0
472b32fc-b3a1-4be4-8996-386bf34331a8,24,0,0,0,0.0
2b2b6a73-5717-4e23-8b21-51a684a97281,24,0,0,0,0.0
7f6cdd7b-f2e8-878f-6096-e6c498560a51,24,0,0,0,0.0
3399318d-7d35-40b2-8500-be21b7fad4f3,24,0,0,0,0.0
cacb1abe-30e7-1e56-c27a-196d9ce1f44e,24,0,0,0,0.0
2b89dacc-fa1c-8ea7-6c85-841b43c6ed91,24,0,0,0,0.0
822a877b-5e8e-ffa2-7555-de94fa0935a9,24,0,0,0,0.0
4ad04e56-97a8-b81a-f3a5-cb9a84919e9a,24,0,0,0,0.0
ac03771c-b9b6-8fbe-d87f-a39ed69c04b9,24,0,0,0,0.0
6d5666c9-4458-1fc0-823e-16b2b80db888,24,0,0,0,0.0
d2261045-b4a4-4ad1-b681-5e3d7e094ef6,24,0,0,0,0.0
31fcde60-bd95-35a1-3256-114d1eaf1c09,24,0,0,0,0.0
27bcfd98-6d46-4c27-a495-246868684fd9,24,0,0,0,0.0
025b42c5-078c-cec6-dab8-af66becca83d,24,0,0,0,0.0
82f78c17-46c6-7ca4-9505-ee69a6aa0033,24,0,0,0,0.0
1d6777b4-e683-41f8-b082-60722d6cc8f7,24,0,0,0,0.0
17955436-6f1d-4ee5-82b1-22ff269bea6a,24,0,0,0,0.0
0b684049-5d6f-7e53-fcb9-6dd3bb9369d7,24,0,0,0,0.0
6caf93c1-ebaf-4e90-9a53-310c3bc3a48b,24,0,0,0,0.0
e7d93547-3c3e-4a82-bd78-f8b837e1f217,24,0,0,0,0.0
651c5018-f37e-1a9b-8288-e5f945984f2c,24,0,0,0,0.0
3b14e2e9-86de-0364-a85a-ddbaf269b7a1,24,0,0,0,0.0
a281d8ac-2877-429e-a020-58c631703c31,24,0,0,0,0.0
93532aa9-f20e-4777-b78e-84e4e40a1b17,24,0,0,0,0.0
088326e0-1865-f565-b23a-e754d6e48a4e,24,0,0,0,0.0
c78bdca3-8a0a-487d-9ed8-8dd85d873eff,24,0,0,0,0.0
fcfa38c1-5f6b-7765-7fd1-c3381f209f53,24,0,0,0,0.0
36287ddc-b3fa-4bbf-8e3f-1caf0ce99d8d,24,0,0,0,0.0
2d118f09-f8ee-4f58-85d0-140601e1e879,23,0,0,0,0.0
919f00eb-f1ef-41ce-9efe-d464cc9acb86,23,0,0,0,0.0
741c8ece-66f6-46d2-b911-090e3b869f19,23,0,0,0,0.0
97699a87-05ed-44a6-9027-1ccc211c412a,23,0,0,0,0.0
6e037bba-68cc-c247-0148-c565408fd131,23,0,0,0,0.0
fb0498ec-9c42-da79-47cb-cb28cb595a8d,23,0,0,0,0.0
65c2656d-1569-e6ce-e291-9d2b04faaf76,23,0,0,0,0.0
de198417-2ae3-4d78-9c10-5fc01241cd7c,23,0,0,0,0.0
40cef0df-75d4-b4dd-bf7a-28935e124e5c,23,0,0,0,0.0
dd86ff7e-c084-1497-7fde-cea617e8b71b,23,0,0,0,0.0
5a50746a-6d0f-4e61-b201-3f1e6e15d6ea,23,0,0,0,0.0
fdf523ba-ae87-c0c7-2993-08a8042074bd,23,0,0,0,0.0
67d7b771-7720-8d6a-127a-2bf3ac0dbac6,23,0,0,0,0.0
b2823bf1-ffb7-4f8b-83a7-e35cfc90fa17,23,0,0,0,0.0
8179f369-f5e1-676d-c28d-f22719dd626b,23,0,0,0,0.0
2c40dd4e-7368-49ad-a34b-cfcdab65ba1e,23,0,0,0,0.0
74c352f2-904f-45af-87d5-3917af65a734,23,0,0,0,0.0
9455358c-1773-618a-ae32-fa4b5c1fae67,23,0,0,0,0.0
f23f5fe2-5473-41da-a343-b9efb9e4b23a,23,0,0,0,0.0
6e3ba263-5f38-4171-9fd4-3aebde2a93a9,23,0,0,0,0.0
c30aac53-6cef-4e20-81f7-4d6e4ca22187,23,0,0,0,0.0
cf4c95df-e316-46b5-830b-0cbd85c9c86e,23,0,0,0,0.0
e489ddae-e520-fd17-7f70-1a8298603865,23,0,0,0,0.0
ab377481-5bfb-4caf-adc5-e3288a6f2d5a,23,0,0,0,0.0
d99c68ca-9d26-914e-5838-9ead25f503f3,23,0,0,0,0.0
75023db7-3fc9-4051-8b63-ef81e84744b9,23,0,0,0,0.0
cc7171a9-1fe3-6c27-58f1-016eed183ea4,23,0,0,0,0.0
7d424fe4-0038-4322-939e-0a1518e7f2b0,23,0,0,0,0.0
f2b4c751-70ad-30c0-f6ba-d09278e0f17c,23,0,0,0,0.0
390c30b8-66bb-423f-ad67-dc5802885a1f,23,0,0,0,0.0
8ac137cf-006d-7513-efa4-90796a3a2e92,22,0,0,0,0.0
e0f8d7f7-0b11-ffbb-4597-4efdcf0e22fc,22,0,0,0,0.0
1238de65-425b-4ede-0086-11423e4455a3,22,0,0,0,0.0
2d23f986-fd9c-8ff3-8b54-7e55bd53fde0,22,0,0,0,0.0
bd435d4f-ea9b-4730-b275-e56fa0da70f2,22,0,0,0,0.0
55c39380-b9f5-2b46-6e1f-746c08b9e8a4,22,0,0,0,0.0
9ac9ae67-8b94-b039-57e4-04b7f2791719,22,0,0,0,0.0
95163811-0c2c-bb59-1086-f847eb8b9991,22,0,0,0,0.0
f6a784dd-7d1c-4618-82eb-72bbddff741f,22,0,0,0,0.0
1c0396f4-70d8-77d3-5d38-86552184ec7a,22,0,0,0,0.0
2bcb5152-8a78-3cc1-fd81-e76bc052ecf6,22,0,0,0,0.0
be05883e-a4f6-4c14-8692-55714e7d293e,22,0,0,0,0.0
52550fba-c702-77b3-346e-e59f053cfb6b,22,0,0,0,0.0
6cb3e697-b5c5-2577-ccc0-325211ad816a,22,0,0,0,0.0
3e55c37a-1c3e-3dc6-c71d-7920caa4129b,22,0,0,0,0.0
4946501f-7bcf-fb98-7bd4-318494c01596,22,0,0,0,0.0
d87c2cf5-ef3d-ba0a-255b-eb5d00a57acc,22,0,0,0,0.0
16ff4f8a-161c-d93e-4b37-0c95fe08c45c,22,0,0,0,0.0
c10b2bdd-81d9-4b5a-8267-a9f02233d6fb,22,0,0,0,0.0
54ffcd2a-bf5f-4ca3-990e-3ee0450ca525,22,0,0,0,0.0
09b3c9c4-03c6-45f5-a223-ffed9f0d95ec,22,0,0,0,0.0
6ea7c590-03ee-4943-b916-99caef2b7b71,22,0,0,0,0.0
6456a4ce-91f6-c256-292d-9396dadc0e56,22,0,0,0,0.0
2d2c42a5-17d1-41cd-a5b5-99249065e9fd,22,0,0,0,0.0
49e1f451-e380-1d5f-398c-1ac83e2c4ddf,22,0,0,0,0.0
f8c55c25-d1a1-9788-2159-3814c7f9276d,22,0,0,0,0.0
170079fa-e182-4e0b-ac34-ab0ee2ff9af9,22,0,0,0,0.0
9f0956f3-8a0c-4d93-aace-65f4ef54474f,22,0,0,0,0.0
48451a71-7fce-498d-8eb5-80678a5204ca,22,0,0,0,0.0
74923f02-0025-fb5e-bea5-bf308ccc3f67,22,0,0,0,0.0
cc2b06c0-112b-eed5-86d5-2bdb467a5be6,22,0,0,0,0.0
b5fbabfd-6da8-daaf-80ce-17bcf52b6373,22,0,0,0,0.0
c6292608-1117-2a17-2de2-bce7165246d3,22,0,0,0,0.0
1c861ac1-2bb1-a843-c45e-aa17546cfb2c,22,0,0,0,0.0
cd16e57a-28b3-6da5-e015-1d1f7624dbd0,22,0,0,0,0.0
cda31224-6958-43c9-83b9-bb28445fa419,21,0,0,0,0.0
424d5ba9-c4c6-4efc-820d-59dfffc5b061,21,0,0,0,0.0
edb557dc-5ac4-461c-b2d8-5cf9400fa886,21,0,0,0,0.0
da284a99-e695-41d5-9383-1845806e64ff,21,0,0,0,0.0
046ccd65-d60d-4e0d-b6b8-2fe2ab12dc12,21,0,0,0,0.0
5dee05ac-c62f-46c0-80d4-0ab76ca2e82f,21,0,0,0,0.0
b166bffc-3690-7300-e609-f5fd3fbeba9a,21,0,0,0,0.0
e134624b-cf50-4793-7e2f-f1be00bcffd3,21,0,0,0,0.0
dff82e10-19da-937f-324c-6ddd07718519,21,0,0,0,0.0
98edfe1c-4ad8-42b4-9ebc-5266c9e7c2bc,21,0,0,0,0.0
3824f116-e5b6-4789-bf7c-fcbc8ed2cd00,21,0,0,0,0.0
7b1be228-e265-e4c6-aff2-6608eb001ab0,21,0,0,0,0.0
38fda724-5175-4b47-9052-c8a35299d728,21,0,0,0,0.0
18074335-d0bc-bb03-40be-4a92184cba55,21,0,0,0,0.0
1f669b9f-a63d-378f-2097-5fda58d0d1bd,21,0,0,0,0.0
4ba4572f-56af-cdf5-9954-83a904eb4827,21,0,0,0,0.0
49b7c33e-9ed4-8317-e297-1e6d415e73f9,21,0,0,0,0.0
2254e061-bd76-d75b-f8c2-52e406539c3d,21,0,0,0,0.0
f8855de1-7173-4510-af6c-a787d727155d,21,0,0,0,0.0
6efb9171-a87b-212d-f399-b0613da7b1c9,21,0,0,0,0.0
e2718d90-cbf8-42fc-bb46-9a699869b1e4,21,0,0,0,0.0
26520afd-870d-4f36-9148-28d23f074645,21,0,0,0,0.0
392268c3-8e74-6066-7783-9d19f5e80411,21,0,0,0,0.0
c239b090-ac7f-d256-a748-62b240f5dfb2,21,0,0,0,0.0
998ba4cd-308f-4382-bad1-550f0c7b36e7,21,0,0,0,0.0
0db25f59-2478-4ec8-8f9a-68d5db3b4770,21,0,0,0,0.0
e2bdca0e-632f-8fa2-6ef6-5715dd1c6c93,21,0,0,0,0.0
2c49697d-e62c-4399-8964-49580f2065a9,21,0,0,0,0.0
06059314-d10f-c088-30c8-5a71e40ef75d,21,0,0,0,0.0
e0135367-203e-658b-688c-5cbcb332a091,21,0,0,0,0.0
7e141b56-890e-4cef-8d82-3661100e1823,21,0,0,0,0.0
35f984cd-b215-ad75-b307-14b2f30b7ba3,21,0,0,0,0.0
ef0820e6-582f-901d-b94d-a87e5ca4660a,21,0,0,0,0.0
afd16aa8-2e3b-0111-c6ca-445867275acf,21,0,0,0,0.0
6b433e74-6595-7944-f61e-7ec5b0a8b967,21,0,0,0,0.0
9d64d65b-3c92-52bb-cb61-7e3ce7c0700c,21,0,0,0,0.0
0f4d334c-cd37-4cb7-f7d5-a37d5ccaac68,21,0,0,0,0.0
